{"strategy":{"DailyBuyStrategy3_5_JPA":{"trades":[{"pair":"ETH/USDT:USDT","stake_amount":205.88133333,"max_stake_amount":205.88133333,"amount":0.2,"open_date":"2026-01-10 00:05:00+00:00","close_date":"2026-01-10 10:50:00+00:00","open_rate":3088.22,"close_rate":3099.21768,"fee_open":0.0006,"fee_close":0.0006,"trade_duration":645,"profit_ratio":0.006806953173233389,"profit_abs":1.40226545,"exit_reason":"trailing_stop_loss","initial_stop_loss_abs":2573.5166666666664,"initial_stop_loss_ratio":-0.5,"stop_loss_abs":3099.21768,"stop_loss_ratio":-0.003,"min_rate":3077.25,"max_rate":3102.32,"is_open":false,"enter_tag":"ALL_BUY","leverage":3.0,"is_short":false,"open_timestamp":1768003500000,"close_timestamp":1768042200000,"orders":[{"amount":0.2,"safe_price":3088.22,"ft_order_side":"buy","order_filled_timestamp":1768003500000,"ft_is_entry":true,"ft_order_tag":"ALL_BUY","cost":618.0145864},{"amount":0.2,"safe_price":3099.21768,"ft_order_side":"sell","order_filled_timestamp":1768042200000,"ft_is_entry":false,"ft_order_tag":"trailing_stop_loss","cost":620.2154421216001}],"funding_fees":-0.05477803188,"weekday":5},{"pair":"BTC/USDT:USDT","stake_amount":1658.71416667,"max_stake_amount":1658.71416667,"amount":0.055,"open_date":"2026-01-10 00:05:00+00:00","close_date":"2026-01-11 05:50:00+00:00","open_rate":90475.31818181818,"close_rate":90747.6615,"fee_open":0.0006,"fee_close":0.0006,"trade_duration":1785,"profit_ratio":0.005228201711257189,"profit_abs":8.6772955,"exit_reason":"trailing_stop_loss","initial_stop_loss_abs":75525.91666666667,"initial_stop_loss_ratio":-0.5,"stop_loss_abs":90747.6615,"stop_loss_ratio":-0.003,"min_rate":90332.8,"max_rate":90838.5,"is_open":false,"enter_tag":"ALL_BUY","leverage":3.0,"is_short":false,"open_timestamp":1768003500000,"close_timestamp":1768110600000,"orders":[{"amount":0.007,"safe_price":90631.1,"ft_order_side":"buy","order_filled_timestamp":1768003500000,"ft_is_entry":true,"ft_order_tag":"ALL_BUY","cost":634.7983506200001},{"amount":0.048,"safe_price":90452.6,"ft_order_side":"buy","order_filled_timestamp":1768086300000,"ft_is_entry":true,"ft_order_tag":"ALL_BUY","cost":4344.32983488},{"amount":0.055,"safe_price":90747.6615,"ft_order_side":"sell","order_filled_timestamp":1768110600000,"ft_is_entry":false,"ft_order_tag":"trailing_stop_loss","cost":4994.1160553295}],"funding_fees":-0.32122866554300006,"weekday":6},{"pair":"ETH/USDT:USDT","stake_amount":2018.41333333,"max_stake_amount":2018.41333333,"amount":1.96,"open_date":"2026-01-10 10:55:00+00:00","close_date":"2026-01-11 08:55:00+00:00","open_rate":3089.408163265306,"close_rate":3103.8830099999996,"fee_open":0.0006,"fee_close":0.0006,"trade_duration":1320,"profit_ratio":0.009973712892444742,"profit_abs":20.14315373,"exit_reason":"trailing_stop_loss","initial_stop_loss_abs":2581.5333333333338,"initial_stop_loss_ratio":-0.5,"stop_loss_abs":3103.8830099999996,"stop_loss_ratio":-0.003,"min_rate":3077.01,"max_rate":3106.99,"is_open":false,"enter_tag":"ALL_BUY","leverage":3.0,"is_short":false,"open_timestamp":1768042500000,"close_timestamp":1768121700000,"orders":[{"amount":0.2,"safe_price":3097.84,"ft_order_side":"buy","order_filled_timestamp":1768042500000,"ft_is_entry":true,"ft_order_tag":"ALL_BUY","cost":619.9397408000001},{"amount":1.76,"safe_price":3088.45,"ft_order_side":"buy","order_filled_timestamp":1768078200000,"ft_is_entry":true,"ft_order_tag":"ALL_BUY","cost":5438.933403199999},{"amount":1.96,"safe_price":3103.8830099999996,"ft_order_side":"sell","order_filled_timestamp":1768121700000,"ft_is_entry":false,"ft_order_tag":"trailing_stop_loss","cost":6087.260866019758}],"funding_fees":-0.944235448208,"weekday":6},{"pair":"BTC/USDT:USDT","stake_amount":211.69773333,"max_stake_amount":211.69773333,"amount":0.007,"open_date":"2026-01-11 05:55:00+00:00","close_date":"2026-01-11 09:45:00+00:00","open_rate":90727.6,"close_rate":90710.4,"fee_open":0.0006,"fee_close":0.0006,"trade_duration":230,"profit_ratio":-0.004452784772379863,"profit_abs":-0.94321003,"exit_reason":"force_exit","initial_stop_loss_abs":75606.33333333334,"initial_stop_loss_ratio":-0.5,"stop_loss_abs":75606.33333333334,"stop_loss_ratio":-0.5,"min_rate":90545.8,"max_rate":90780.9,"is_open":false,"enter_tag":"ALL_BUY","leverage":3.0,"is_short":false,"open_timestamp":1768110900000,"close_timestamp":1768124700000,"orders":[{"amount":0.007,"safe_price":90727.6,"ft_order_side":"buy","order_filled_timestamp":1768110900000,"ft_is_entry":true,"ft_order_tag":"ALL_BUY","cost":635.47425592},{"amount":0.007,"safe_price":90710.4,"ft_order_side":"sell","order_filled_timestamp":1768124700000,"ft_is_entry":false,"ft_order_tag":"force_exit","cost":635.35378368}],"funding_fees":-0.0607704346004,"weekday":6},{"pair":"ETH/USDT:USDT","stake_amount":206.798,"max_stake_amount":206.798,"amount":0.2,"open_date":"2026-01-11 09:00:00+00:00","close_date":"2026-01-11 09:45:00+00:00","open_rate":3101.97,"close_rate":3101.19,"fee_open":0.0006,"fee_close":0.0006,"trade_duration":45,"profit_ratio":-0.004351295933336622,"profit_abs":-0.9003792,"exit_reason":"force_exit","initial_stop_loss_abs":2584.975,"initial_stop_loss_ratio":-0.5,"stop_loss_abs":2584.975,"stop_loss_ratio":-0.5,"min_rate":3098.75,"max_rate":3109.29,"is_open":false,"enter_tag":"ALL_BUY","leverage":3.0,"is_short":false,"open_timestamp":1768122000000,"close_timestamp":1768124700000,"orders":[{"amount":0.2,"safe_price":3101.97,"ft_order_side":"buy","order_filled_timestamp":1768122000000,"ft_is_entry":true,"ft_order_tag":"ALL_BUY","cost":620.7662363999999},{"amount":0.2,"safe_price":3101.19,"ft_order_side":"sell","order_filled_timestamp":1768124700000,"ft_is_entry":false,"ft_order_tag":"force_exit","cost":620.6101428000001}],"funding_fees":0.0,"weekday":6}],"locks":[],"best_pair":{"key":"ETH/USDT:USDT","trades":3,"profit_mean":0.004143123377447169,"profit_mean_pct":0.41,"profit_total_abs":20.645039980000004,"profit_total":0.0020645039980000004,"profit_total_pct":0.21,"duration_avg":"11:10:00","wins":2,"draws":0,"losses":1,"winrate":0.6666666666666666,"cagr":1.1228662514234116,"expectancy":6.881679993333334,"expectancy_ratio":7.643090814773746,"sortino":-100,"sharpe":41.851788035651744,"calmar":43900.69603473897,"sqn":1.0327,"profit_factor":23.92927244432124,"max_drawdown_account":8.984434658920982e-05,"max_drawdown_abs":0.9003791999999997},"worst_pair":{"key":"BTC/USDT:USDT","trades":2,"profit_mean":0.0003877084694386629,"profit_mean_pct":0.04,"profit_total_abs":7.734085469999999,"profit_total":0.0007734085469999999,"profit_total_pct":0.08,"duration_avg":"16:48:00","wins":1,"draws":0,"losses":1,"winrate":0.5,"cagr":0.3260240270750998,"expectancy":3.8670427349999996,"expectancy_ratio":4.099874483947122,"sortino":-100,"sharpe":30.717615612445098,"calmar":15679.191909615847,"sqn":0.8039,"profit_factor":9.199748967894244,"max_drawdown_account":9.423922883637403e-05,"max_drawdown_abs":0.9432100300000004},"results_per_pair":[{"key":"ETH/USDT:USDT","trades":3,"profit_mean":0.004143123377447169,"profit_mean_pct":0.41,"profit_total_abs":20.645039980000004,"profit_total":0.0020645039980000004,"profit_total_pct":0.21,"duration_avg":"11:10:00","wins":2,"draws":0,"losses":1,"winrate":0.6666666666666666,"cagr":1.1228662514234116,"expectancy":6.881679993333334,"expectancy_ratio":7.643090814773746,"sortino":-100,"sharpe":41.851788035651744,"calmar":43900.69603473897,"sqn":1.0327,"profit_factor":23.92927244432124,"max_drawdown_account":8.984434658920982e-05,"max_drawdown_abs":0.9003791999999997},{"key":"BTC/USDT:USDT","trades":2,"profit_mean":0.0003877084694386629,"profit_mean_pct":0.04,"profit_total_abs":7.734085469999999,"profit_total":0.0007734085469999999,"profit_total_pct":0.08,"duration_avg":"16:48:00","wins":1,"draws":0,"losses":1,"winrate":0.5,"cagr":0.3260240270750998,"expectancy":3.8670427349999996,"expectancy_ratio":4.099874483947122,"sortino":-100,"sharpe":30.717615612445098,"calmar":15679.191909615847,"sqn":0.8039,"profit_factor":9.199748967894244,"max_drawdown_account":9.423922883637403e-05,"max_drawdown_abs":0.9432100300000004},{"key":"TOTAL","trades":5,"profit_mean":0.002640957414243767,"profit_mean_pct":0.26,"profit_total_abs":28.379125450000004,"profit_total":0.002837912545,"profit_total_pct":0.28,"duration_avg":"13:25:00","wins":3,"draws":0,"losses":2,"winrate":0.6,"cagr":1.8133362168139513,"expectancy":5.67582509,"expectancy_ratio":6.1573641217246635,"sortino":25317.390787861645,"sharpe":67.39124663465795,"calmar":29497.95128327451,"sqn":1.411,"profit_factor":16.39341030431166,"max_drawdown_account":0.00018380341917055614,"max_drawdown_abs":1.8435892299999992}],"results_per_enter_tag":[{"key":"ALL_BUY","trades":5,"profit_mean":0.002640957414243767,"profit_mean_pct":0.26,"profit_total_abs":28.379125450000004,"profit_total":0.002837912545,"profit_total_pct":0.28,"duration_avg":"13:25:00","wins":3,"draws":0,"losses":2,"winrate":0.6,"cagr":1.8133362168139513,"expectancy":5.67582509,"expectancy_ratio":6.1573641217246635,"sortino":25317.390787861645,"sharpe":67.39124663465795,"calmar":29497.95128327451,"sqn":1.411,"profit_factor":16.39341030431166,"max_drawdown_account":0.00018380341917055614,"max_drawdown_abs":1.8435892299999992},{"key":"TOTAL","trades":5,"profit_mean":0.002640957414243767,"profit_mean_pct":0.26,"profit_total_abs":28.379125450000004,"profit_total":0.002837912545,"profit_total_pct":0.28,"duration_avg":"13:25:00","wins":3,"draws":0,"losses":2,"winrate":0.6,"cagr":1.8133362168139513,"expectancy":5.67582509,"expectancy_ratio":6.1573641217246635,"sortino":25317.390787861645,"sharpe":67.39124663465795,"calmar":29497.95128327451,"sqn":1.411,"profit_factor":16.39341030431166,"max_drawdown_account":0.00018380341917055614,"max_drawdown_abs":1.8435892299999992}],"exit_reason_summary":[{"key":"trailing_stop_loss","trades":3,"profit_mean":0.0073362892589784396,"profit_mean_pct":0.73,"profit_total_abs":30.222714680000003,"profit_total":0.0030222714680000003,"profit_total_pct":0.3,"duration_avg":"20:50:00","wins":3,"draws":0,"losses":0,"winrate":1.0,"cagr":2.008571733941714,"expectancy":10.074238226666667,"expectancy_ratio":100.0,"sortino":-100,"sharpe":74.84721752780355,"calmar":-100,"sqn":1.8468,"profit_factor":0.0,"max_drawdown_account":0.0,"max_drawdown_abs":0.0},{"key":"force_exit","trades":2,"profit_mean":-0.004402040352858242,"profit_mean_pct":-0.44,"profit_total_abs":-1.84358923,"profit_total":-0.000184358923,"profit_total_pct":-0.02,"duration_avg":"2:18:00","wins":0,"draws":0,"losses":2,"winrate":0.0,"cagr":-0.06508270720176335,"expectancy":-0.921794615,"expectancy_ratio":-1.0,"sortino":-1644.6901815363356,"sharpe":-1644.6901815363356,"calmar":-1910.4973174539052,"sqn":-43.0435,"profit_factor":0.0,"max_drawdown_account":0.00018435892300003616,"max_drawdown_abs":1.84358923},{"key":"TOTAL","trades":5,"profit_mean":0.002640957414243767,"profit_mean_pct":0.26,"profit_total_abs":28.379125450000004,"profit_total":0.002837912545,"profit_total_pct":0.28,"duration_avg":"13:25:00","wins":3,"draws":0,"losses":2,"winrate":0.6,"cagr":1.8133362168139513,"expectancy":5.67582509,"expectancy_ratio":6.1573641217246635,"sortino":25317.390787861645,"sharpe":67.39124663465795,"calmar":29497.95128327451,"sqn":1.411,"profit_factor":16.39341030431166,"max_drawdown_account":0.00018380341917055614,"max_drawdown_abs":1.8435892299999992}],"mix_tag_stats":[{"key":["ALL_BUY","trailing_stop_loss"],"trades":3,"profit_mean":0.0073362892589784396,"profit_mean_pct":0.73,"profit_total_abs":30.222714680000003,"profit_total":0.0030222714680000003,"profit_total_pct":0.3,"duration_avg":"20:50:00","wins":3,"draws":0,"losses":0,"winrate":1.0,"cagr":2.008571733941714,"expectancy":10.074238226666667,"expectancy_ratio":100.0,"sortino":-100,"sharpe":74.84721752780355,"calmar":-100,"sqn":1.8468,"profit_factor":0.0,"max_drawdown_account":0.0,"max_drawdown_abs":0.0},{"key":["ALL_BUY","force_exit"],"trades":2,"profit_mean":-0.004402040352858242,"profit_mean_pct":-0.44,"profit_total_abs":-1.84358923,"profit_total":-0.000184358923,"profit_total_pct":-0.02,"duration_avg":"2:18:00","wins":0,"draws":0,"losses":2,"winrate":0.0,"cagr":-0.06508270720176335,"expectancy":-0.921794615,"expectancy_ratio":-1.0,"sortino":-1644.6901815363356,"sharpe":-1644.6901815363356,"calmar":-1910.4973174539052,"sqn":-43.0435,"profit_factor":0.0,"max_drawdown_account":0.00018435892300003616,"max_drawdown_abs":1.84358923},{"key":"TOTAL","trades":5,"profit_mean":0.002640957414243767,"profit_mean_pct":0.26,"profit_total_abs":28.379125450000004,"profit_total":0.002837912545,"profit_total_pct":0.28,"duration_avg":"13:25:00","wins":3,"draws":0,"losses":2,"winrate":0.6,"cagr":1.8133362168139513,"expectancy":5.67582509,"expectancy_ratio":6.1573641217246635,"sortino":25317.390787861645,"sharpe":67.39124663465795,"calmar":29497.95128327451,"sqn":1.411,"profit_factor":16.39341030431166,"max_drawdown_account":0.00018380341917055614,"max_drawdown_abs":1.8435892299999992}],"left_open_trades":[{"key":"ETH/USDT:USDT","trades":1,"profit_mean":-0.004351295933336622,"profit_mean_pct":-0.44,"profit_total_abs":-0.9003792,"profit_total":-9.003792e-05,"profit_total_pct":-0.01,"duration_avg":"0:45:00","wins":0,"draws":0,"losses":1,"winrate":0.0,"cagr":-0.032331123914752236,"expectancy":-0.9003792,"expectancy_ratio":-1.0,"sortino":-100,"sharpe":-100,"calmar":-1910.4973174536096,"sqn":-100.0,"profit_factor":0.0,"max_drawdown_account":9.003792000003159e-05,"max_drawdown_abs":0.9003792},{"key":"BTC/USDT:USDT","trades":1,"profit_mean":-0.004452784772379863,"profit_mean_pct":-0.45,"profit_total_abs":-0.94321003,"profit_total":-9.432100300000001e-05,"profit_total_pct":-0.01,"duration_avg":"3:50:00","wins":0,"draws":0,"losses":1,"winrate":0.0,"cagr":-0.03384286251963253,"expectancy":-0.94321003,"expectancy_ratio":-1.0,"sortino":-100,"sharpe":-100,"calmar":-1910.4973174541876,"sqn":-100.0,"profit_factor":0.0,"max_drawdown_account":9.432100300000456e-05,"max_drawdown_abs":0.94321003},{"key":"TOTAL","trades":2,"profit_mean":-0.004402040352858242,"profit_mean_pct":-0.44,"profit_total_abs":-1.84358923,"profit_total":-0.000184358923,"profit_total_pct":-0.02,"duration_avg":"2:18:00","wins":0,"draws":0,"losses":2,"winrate":0.0,"cagr":-0.06508270720176335,"expectancy":-0.921794615,"expectancy_ratio":-1.0,"sortino":-1644.6901815363356,"sharpe":-1644.6901815363356,"calmar":-1910.4973174539052,"sqn":-43.0435,"profit_factor":0.0,"max_drawdown_account":0.00018435892300003616,"max_drawdown_abs":1.84358923}],"total_trades":5,"trade_count_long":5,"trade_count_short":0,"total_volume":25869.81269817086,"avg_stake_amount":860.3009133319999,"profit_mean":0.002640957414243767,"profit_median":0.005228201711257189,"profit_total":0.002837912545,"profit_total_long":0.002837912545,"profit_total_short":0.0,"profit_total_abs":28.379125450000004,"profit_total_long_abs":28.379125450000004,"profit_total_short_abs":0.0,"cagr":1.8133362168139513,"expectancy":5.67582509,"expectancy_ratio":6.1573641217246635,"sortino":25317.390787861645,"sharpe":67.39124663465795,"calmar":29497.95128327451,"sqn":1.411,"profit_factor":16.39341030431166,"backtest_start":"2026-01-10 00:00:00","backtest_start_ts":1768003200000,"backtest_end":"2026-01-11 09:45:00","backtest_end_ts":1768124700000,"backtest_days":1,"backtest_run_start_ts":1770584554,"backtest_run_end_ts":1770584554,"trades_per_day":5.0,"market_change":0.0027996667558483524,"pairlist":["BTC/USDT:USDT","ETH/USDT:USDT"],"stake_amount":100.0,"stake_currency":"USDT","stake_currency_decimals":3,"starting_balance":10000,"dry_run_wallet":10000,"final_balance":10028.37912545,"rejected_signals":0,"timedout_entry_orders":0,"timedout_exit_orders":0,"canceled_trade_entries":0,"canceled_entry_orders":0,"replaced_entry_orders":0,"max_open_trades":2,"max_open_trades_setting":5,"timeframe":"5m","timeframe_detail":"","timerange":"20260110-20260125","enable_protections":false,"strategy_name":"DailyBuyStrategy3_5_JPA","freqaimodel":null,"freqai_identifier":null,"stoploss":-0.5,"trailing_stop":true,"trailing_stop_positive":0.003,"trailing_stop_positive_offset":0.008,"trailing_only_offset_is_reached":true,"use_custom_stoploss":false,"minimal_roi":{"0":0.03},"use_exit_signal":true,"exit_profit_only":false,"exit_profit_offset":0.0,"ignore_roi_if_entry_signal":false,"trading_mode":"futures","margin_mode":"isolated","periodic_breakdown":{"day":[{"date":"10/01/2026","date_ts":1768003200000,"profit_abs":1.40226545,"wins":1,"draws":0,"losses":0,"trades":1,"profit_factor":0.0},{"date":"11/01/2026","date_ts":1768089600000,"profit_abs":26.97686,"wins":2,"draws":0,"losses":2,"trades":4,"profit_factor":15.63279323}],"week":[{"date":"12/01/2026","date_ts":1768176000000,"profit_abs":28.37912545,"wins":3,"draws":0,"losses":2,"trades":5,"profit_factor":16.3934103}],"month":[{"date":"31/01/2026","date_ts":1769817600000,"profit_abs":28.37912545,"wins":3,"draws":0,"losses":2,"trades":5,"profit_factor":16.3934103}],"year":[{"date":"31/12/2026","date_ts":1798675200000,"profit_abs":28.37912545,"wins":3,"draws":0,"losses":2,"trades":5,"profit_factor":16.3934103}],"weekday":[{"date":"Saturday","date_ts":5,"profit_abs":1.40226545,"wins":1,"draws":0,"losses":0,"trades":1,"profit_factor":0.0},{"date":"Sunday","date_ts":6,"profit_abs":26.97686,"wins":2,"draws":0,"losses":2,"trades":4,"profit_factor":15.63279323}]},"backtest_best_day":0.006806953173233389,"backtest_worst_day":0.006397833897985446,"backtest_best_day_abs":26.97686,"backtest_worst_day_abs":1.40226545,"winning_days":2,"draw_days":0,"losing_days":0,"daily_profit":[["2026-01-10",1.40226545],["2026-01-11",26.97686]],"wins":3,"losses":2,"draws":0,"winrate":0.6,"holding_avg":"13:25:00","holding_avg_s":48300.0,"winner_holding_min":"0d 10:45","winner_holding_min_s":38700.0,"winner_holding_max":"1d 05:45","winner_holding_max_s":107100.0,"winner_holding_avg":"0d 20:50","winner_holding_avg_s":75000.0,"loser_holding_min":"0d 00:45","loser_holding_min_s":2700.0,"loser_holding_max":"0d 03:50","loser_holding_max_s":13800.0,"loser_holding_avg":"0d 02:18","loser_holding_avg_s":8280.0,"max_consecutive_wins":3,"max_consecutive_losses":2,"max_drawdown_account":0.00018380341917055614,"max_relative_drawdown":0.00018380341917055614,"max_drawdown_abs":1.8435892299999992,"drawdown_start":"2026-01-11 08:55:00","drawdown_start_ts":1768121700000.0,"drawdown_end":"2026-01-11 09:45:00","drawdown_end_ts":1768124700000.0,"drawdown_duration":"0 days 00:50:00","drawdown_duration_s":3000.0,"max_drawdown_low":28.379125450000004,"max_drawdown_high":30.222714680000003,"csum_min":10001.40226545,"csum_max":10030.22271468}},"strategy_comparison":[{"key":"DailyBuyStrategy3_5_JPA","trades":5,"profit_mean":0.002640957414243767,"profit_mean_pct":0.26,"profit_total_abs":28.379125450000004,"profit_total":0.002837912545,"profit_total_pct":0.28,"duration_avg":"13:25:00","wins":3,"draws":0,"losses":2,"winrate":0.6,"cagr":1.8133362168139513,"expectancy":5.67582509,"expectancy_ratio":6.1573641217246635,"sortino":25317.390787861645,"sharpe":67.39124663465795,"calmar":29497.95128327451,"sqn":1.411,"profit_factor":16.39341030431166,"max_drawdown_account":0.00018380341917055614,"max_drawdown_abs":"1.844"}]}