{"max_open_trades":5,"stake_currency":"USDT","stake_amount":100.0,"tradable_balance_ratio":0.95,"fiat_display_currency":"USD","dry_run":true,"dry_run_wallet":10000,"cancel_open_orders_on_exit":false,"trading_mode":"futures","margin_mode":"isolated","timeframe":"5m","leverage":{"BTC/USDT:USDT":5.0,"ETH/USDT:USDT":5.0},"check_buy_timeout":30,"check_sell_timeout":30,"entry_pricing":{"price_side":"other","use_order_book":true,"order_book_top":1},"exit_pricing":{"price_side":"other","use_order_book":true,"order_book_top":1},"order_types":{"entry":"market","exit":"market","stoploss":"market","stoploss_on_exchange":true},"exchange":{"name":"bybit","key":"REDACTED","secret":"REDACTED","ccxt_config":{"enableRateLimit":true,"options":{"defaultType":"future"}},"pair_whitelist":["BTC/USDT:USDT","ETH/USDT:USDT"]},"pairlists":[{"method":"StaticPairList"}],"telegram":{"enabled":false,"token":"REDACTED","chat_id":"REDACTED"},"api_server":{"enabled":true,"listen_ip_address":"0.0.0.0","listen_port":8080,"username":"freqtrade","password":"REDACTED"},"config_files":["/freqtrade/user_data/config.json"],"internals":{}}